index_chapter,href,title,time_update,status
1,https://qidian-vp.com/truyen/nguyen-thuy-phap-tac/chuong-1,Chương 01: Long Cực hào,8 tháng trước,1
2,https://qidian-vp.com/truyen/nguyen-thuy-phap-tac/chuong-2,Chương 02: Cửu Anh,8 tháng trước,1
3,https://qidian-vp.com/truyen/nguyen-thuy-phap-tac/chuong-3,Chương 03: Phật Tổ Xá Lợi,8 tháng trước,1
4,https://qidian-vp.com/truyen/nguyen-thuy-phap-tac/chuong-4,Chương 03:,8 tháng trước,1
5,https://qidian-vp.com/truyen/nguyen-thuy-phap-tac/chuong-5,Chương 04: Kim Ô cùng Hắc Giao,8 tháng trước,1
6,https://qidian-vp.com/truyen/nguyen-thuy-phap-tac/chuong-6,Chương 05: Tân nương,8 tháng trước,1
7,https://qidian-vp.com/truyen/nguyen-thuy-phap-tac/chuong-7,Chương 05:,8 tháng trước,1
8,https://qidian-vp.com/truyen/nguyen-thuy-phap-tac/chuong-8,Chương 06: Trụy vi,8 tháng trước,1
9,https://qidian-vp.com/truyen/nguyen-thuy-phap-tac/chuong-9,Chương 07: Ngọc Hư hô hấp pháp,8 tháng trước,1
10,https://qidian-vp.com/truyen/nguyen-thuy-phap-tac/chuong-10,Chương 08: Siêu phàm thành tựu,8 tháng trước,1
11,https://qidian-vp.com/truyen/nguyen-thuy-phap-tac/chuong-11,Chương 09: Trên thuyền quỷ nghe,8 tháng trước,1
12,https://qidian-vp.com/truyen/nguyen-thuy-phap-tac/chuong-12,Chương 10: Chín tầng hạm lâu phía dưới,8 tháng trước,1
13,https://qidian-vp.com/truyen/nguyen-thuy-phap-tac/chuong-13,"Chương 11: U vân tản ra, Quỷ Hoang thế giới",8 tháng trước,1
14,https://qidian-vp.com/truyen/nguyen-thuy-phap-tac/chuong-14,Chương 12: Xích Huyện cổ đạo,8 tháng trước,1
15,https://qidian-vp.com/truyen/nguyen-thuy-phap-tac/chuong-15,Chương 13: Hồng y tiên nga,8 tháng trước,1
16,https://qidian-vp.com/truyen/nguyen-thuy-phap-tac/chuong-16,Chương 14: Náo động,8 tháng trước,1
17,https://qidian-vp.com/truyen/nguyen-thuy-phap-tac/chuong-17,Chương 15: Xách s·ú·n·g,8 tháng trước,1
18,https://qidian-vp.com/truyen/nguyen-thuy-phap-tac/chuong-18,Chương 16: Các ngươi không phải muốn tìm ta sao,8 tháng trước,1
19,https://qidian-vp.com/truyen/nguyen-thuy-phap-tac/chuong-19,"Chương 17: G·i·ế·t chóc, hay là khống chế g·i·ế·t chóc",8 tháng trước,1
20,https://qidian-vp.com/truyen/nguyen-thuy-phap-tac/chuong-20,Chương 18: Lôi điện cùng hóa giao,8 tháng trước,1
21,https://qidian-vp.com/truyen/nguyen-thuy-phap-tac/chuong-21,Chương 19: Kết thúc,8 tháng trước,1
22,https://qidian-vp.com/truyen/nguyen-thuy-phap-tac/chuong-22,Chương 20: Hận ý khó bình,8 tháng trước,1
23,https://qidian-vp.com/truyen/nguyen-thuy-phap-tac/chuong-23,Chương 21: Hạm vĩ chi bí,8 tháng trước,1
24,https://qidian-vp.com/truyen/nguyen-thuy-phap-tac/chuong-24,Chương 21:,8 tháng trước,1
25,https://qidian-vp.com/truyen/nguyen-thuy-phap-tac/chuong-25,Chương 22: Vũ tiên tử,8 tháng trước,1
26,https://qidian-vp.com/truyen/nguyen-thuy-phap-tac/chuong-26,Chương 23: Phù Tang Thần Thụ,8 tháng trước,1
27,https://qidian-vp.com/truyen/nguyen-thuy-phap-tac/chuong-27,Chương 24: Xiển Môn mười hai tán thủ,8 tháng trước,1
28,https://qidian-vp.com/truyen/nguyen-thuy-phap-tac/chuong-28,Chương 25: Ác Đà Linh cùng hộ đạo thê,8 tháng trước,1
29,https://qidian-vp.com/truyen/nguyen-thuy-phap-tac/chuong-29,Chương 26: Xuống thuyền,8 tháng trước,1
30,https://qidian-vp.com/truyen/nguyen-thuy-phap-tac/chuong-30,Chương 27: Lên bờ,8 tháng trước,1
31,https://qidian-vp.com/truyen/nguyen-thuy-phap-tac/chuong-31,Chương 28: Ánh bình minh vạn dặm,8 tháng trước,1
32,https://qidian-vp.com/truyen/nguyen-thuy-phap-tac/chuong-32,Chương 29: Táng Tiên trấn,8 tháng trước,1
33,https://qidian-vp.com/truyen/nguyen-thuy-phap-tac/chuong-33,Chương 30: Nghênh chiến tam tuyền,8 tháng trước,1
34,https://qidian-vp.com/truyen/nguyen-thuy-phap-tac/chuong-34,Chương 31: Nghỉ đêm Diêu Quan,8 tháng trước,1
35,https://qidian-vp.com/truyen/nguyen-thuy-phap-tac/chuong-35,Chương 32: Mở đệ tam tuyền,8 tháng trước,1
36,https://qidian-vp.com/truyen/nguyen-thuy-phap-tac/chuong-36,Chương 33: Như thế nào Thuần Tiên,8 tháng trước,1
37,https://qidian-vp.com/truyen/nguyen-thuy-phap-tac/chuong-37,Chương 34: Cửu Tuyền Cương Yếu,8 tháng trước,1
38,https://qidian-vp.com/truyen/nguyen-thuy-phap-tac/chuong-38,Chương 35: Táng Tiên khách ban đêm,8 tháng trước,1
39,https://qidian-vp.com/truyen/nguyen-thuy-phap-tac/chuong-39,Chương 36: Lê Lăng,8 tháng trước,1
40,https://qidian-vp.com/truyen/nguyen-thuy-phap-tac/chuong-40,Chương 37: Linh Bảo Kiếp Nã,8 tháng trước,1
41,https://qidian-vp.com/truyen/nguyen-thuy-phap-tac/chuong-41,Chương 38: Tiên Pháp Tinh Thần,8 tháng trước,1
42,https://qidian-vp.com/truyen/nguyen-thuy-phap-tac/chuong-42,Chương 39: Thiền Hải Quan Vụ lựa chọn,8 tháng trước,1
43,https://qidian-vp.com/truyen/nguyen-thuy-phap-tac/chuong-43,Chương 40: Thanh đồng thuyền hạm chủ nhân ý chỉ,8 tháng trước,1
44,https://qidian-vp.com/truyen/nguyen-thuy-phap-tac/chuong-44,Chương 40:,8 tháng trước,1
45,https://qidian-vp.com/truyen/nguyen-thuy-phap-tac/chuong-45,Chương 41: Tứ tuyền,8 tháng trước,1
46,https://qidian-vp.com/truyen/nguyen-thuy-phap-tac/chuong-46,Chương 41:,8 tháng trước,1
47,https://qidian-vp.com/truyen/nguyen-thuy-phap-tac/chuong-47,Chương 42: Một kiếm mất mạng,8 tháng trước,1
48,https://qidian-vp.com/truyen/nguyen-thuy-phap-tac/chuong-48,Chương 43: Tàu chở khách lần này đi Cửu Lê thành,8 tháng trước,1
49,https://qidian-vp.com/truyen/nguyen-thuy-phap-tac/chuong-49,Chương 44: Thiếu tiền,8 tháng trước,1
50,https://qidian-vp.com/truyen/nguyen-thuy-phap-tac/chuong-50,Chương 45: Dương gia tỷ đệ,8 tháng trước,1
51,https://qidian-vp.com/truyen/nguyen-thuy-phap-tac/chuong-51,Chương 46: Trường Lâm khách đến thăm,8 tháng trước,1
52,https://qidian-vp.com/truyen/nguyen-thuy-phap-tac/chuong-52,Chương 47: Người quá giới c·h·ế·t,8 tháng trước,1
53,https://qidian-vp.com/truyen/nguyen-thuy-phap-tac/chuong-53,Chương 48: Ngự Trùng sĩ,8 tháng trước,1
54,https://qidian-vp.com/truyen/nguyen-thuy-phap-tac/chuong-54,Chương 49: Ngũ Hải cảnh?,8 tháng trước,1
55,https://qidian-vp.com/truyen/nguyen-thuy-phap-tac/chuong-55,Chương 50: Đàm phán,8 tháng trước,1
56,https://qidian-vp.com/truyen/nguyen-thuy-phap-tac/chuong-56,Chương 51: Gặp lại Thái Vũ Đồng cùng Cao Hoan,8 tháng trước,1
57,https://qidian-vp.com/truyen/nguyen-thuy-phap-tac/chuong-57,Chương 52: Thương Lê giáp thủ,8 tháng trước,1
58,https://qidian-vp.com/truyen/nguyen-thuy-phap-tac/chuong-58,Chương 53: Truyền thừa giả cùng thần ẩn nhân,8 tháng trước,1
59,https://qidian-vp.com/truyen/nguyen-thuy-phap-tac/chuong-59,Chương 54: Top 100 võ giả,8 tháng trước,1
60,https://qidian-vp.com/truyen/nguyen-thuy-phap-tac/chuong-60,Chương 55: Thiên Đạo pháp hợp,8 tháng trước,1
61,https://qidian-vp.com/truyen/nguyen-thuy-phap-tac/chuong-61,Chương 56: Nhân Đạo,7 tháng trước,1
62,https://qidian-vp.com/truyen/nguyen-thuy-phap-tac/chuong-62,Chương 57: A Di Đà Phật,7 tháng trước,1
63,https://qidian-vp.com/truyen/nguyen-thuy-phap-tac/chuong-63,Chương 58: Toàn thành đều là kẻ g·i·ế·t người,7 tháng trước,1
64,https://qidian-vp.com/truyen/nguyen-thuy-phap-tac/chuong-64,Chương 59: Một châm Đàn Trung,7 tháng trước,1
65,https://qidian-vp.com/truyen/nguyen-thuy-phap-tac/chuong-65,Chương 60: Bốn phần Lê Châu,7 tháng trước,1
66,https://qidian-vp.com/truyen/nguyen-thuy-phap-tac/chuong-66,Chương 61: Từ Hàng Khai Quang,7 tháng trước,1
67,https://qidian-vp.com/truyen/nguyen-thuy-phap-tac/chuong-67,Chương 62: Duy nhất sinh cơ,7 tháng trước,1
68,https://qidian-vp.com/truyen/nguyen-thuy-phap-tac/chuong-68,Chương 63: Long tranh hổ đấu,7 tháng trước,1
69,https://qidian-vp.com/truyen/nguyen-thuy-phap-tac/chuong-69,Chương 64: Thiếu Dương tinh,7 tháng trước,1
70,https://qidian-vp.com/truyen/nguyen-thuy-phap-tac/chuong-70,Chương 65: Nhân quả,7 tháng trước,1
71,https://qidian-vp.com/truyen/nguyen-thuy-phap-tac/chuong-71,Chương 66: Cửu Lê chi thần,7 tháng trước,1
72,https://qidian-vp.com/truyen/nguyen-thuy-phap-tac/chuong-72,Chương 67: Thương Vương mộ,7 tháng trước,1
73,https://qidian-vp.com/truyen/nguyen-thuy-phap-tac/chuong-73,Chương 68: Phương trượng đạo đài,7 tháng trước,1
74,https://qidian-vp.com/truyen/nguyen-thuy-phap-tac/chuong-74,Chương 69: Trùng sát Mộ Dung Tiểu,7 tháng trước,1
75,https://qidian-vp.com/truyen/nguyen-thuy-phap-tac/chuong-75,Chương 70: Diêu Quan phồn hoa,7 tháng trước,1
76,https://qidian-vp.com/truyen/nguyen-thuy-phap-tac/chuong-76,Chương 71: Tứ đại Thiên Vạn Môn Đình,7 tháng trước,1
77,https://qidian-vp.com/truyen/nguyen-thuy-phap-tac/chuong-77,Chương 72: Đến từ Côn Luân dị giới quan tài,7 tháng trước,1
78,https://qidian-vp.com/truyen/nguyen-thuy-phap-tac/chuong-78,Chương 73: Thập Thực Pháp Vương,7 tháng trước,1
79,https://qidian-vp.com/truyen/nguyen-thuy-phap-tac/chuong-79,Chương 74: Kiếm trảm Tiết Chính,7 tháng trước,1
80,https://qidian-vp.com/truyen/nguyen-thuy-phap-tac/chuong-80,Chương 75: Dòng suối róc rách,7 tháng trước,1
81,https://qidian-vp.com/truyen/nguyen-thuy-phap-tac/chuong-81,Chương 76: Ẩn nhị thập tứ,7 tháng trước,1
82,https://qidian-vp.com/truyen/nguyen-thuy-phap-tac/chuong-82,Chương 77: Ẩn cửu,7 tháng trước,1
83,https://qidian-vp.com/truyen/nguyen-thuy-phap-tac/chuong-83,Chương 78: Niệm lực đột phá,7 tháng trước,1
84,https://qidian-vp.com/truyen/nguyen-thuy-phap-tac/chuong-84,Chương 79: Thất tuyền thí luyện địa,7 tháng trước,1
85,https://qidian-vp.com/truyen/nguyen-thuy-phap-tac/chuong-85,Chương 80: Bốn cánh Chu vương,7 tháng trước,1
86,https://qidian-vp.com/truyen/nguyen-thuy-phap-tac/chuong-86,Chương 81: Thập tuyền truyền thuyết,7 tháng trước,1
87,https://qidian-vp.com/truyen/nguyen-thuy-phap-tac/chuong-87,Chương 82: Nghiêu Âm tập sát,7 tháng trước,1
88,https://qidian-vp.com/truyen/nguyen-thuy-phap-tac/chuong-88,Chương 83: Thân phận bại lộ,7 tháng trước,1
89,https://qidian-vp.com/truyen/nguyen-thuy-phap-tac/chuong-89,"Chương 84: Bại Ẩn cửu, quyết đấu Dương Thần Cảnh",7 tháng trước,1
90,https://qidian-vp.com/truyen/nguyen-thuy-phap-tac/chuong-90,Chương 85: Dẫn xuất sự,7 tháng trước,1
91,https://qidian-vp.com/truyen/nguyen-thuy-phap-tac/chuong-91,Chương 86: Quan Hải Các,7 tháng trước,1
92,https://qidian-vp.com/truyen/nguyen-thuy-phap-tac/chuong-92,Chương 87: Hoạn quan đưa hàng,7 tháng trước,1
93,https://qidian-vp.com/truyen/nguyen-thuy-phap-tac/chuong-93,Chương 88: Trảm Ngũ Hải,7 tháng trước,1
94,https://qidian-vp.com/truyen/nguyen-thuy-phap-tac/chuong-94,Chương 89: Lại trảm Ngũ Hải Cảnh,7 tháng trước,1
95,https://qidian-vp.com/truyen/nguyen-thuy-phap-tac/chuong-95,"Chương 90: Pháp Vương, đừng quên ngươi nói ban thưởng",7 tháng trước,1
96,https://qidian-vp.com/truyen/nguyen-thuy-phap-tac/chuong-96,"Chương 91: Ba mươi dặm tuyết, hai trăm dặm kiếm",7 tháng trước,1
97,https://qidian-vp.com/truyen/nguyen-thuy-phap-tac/chuong-97,Chương 92: Một phong thư rung động,7 tháng trước,1
98,https://qidian-vp.com/truyen/nguyen-thuy-phap-tac/chuong-98,Chương 93: Ẩn tổ,7 tháng trước,1
99,https://qidian-vp.com/truyen/nguyen-thuy-phap-tac/chuong-99,Chương 94: Liên tiếp đột phá,7 tháng trước,1
100,https://qidian-vp.com/truyen/nguyen-thuy-phap-tac/chuong-100,Chương 95: Hai tháng sau,7 tháng trước,1
101,https://qidian-vp.com/truyen/nguyen-thuy-phap-tac/chuong-101,Chương 96: Nhện động dị biến,7 tháng trước,1
102,https://qidian-vp.com/truyen/nguyen-thuy-phap-tac/chuong-102,Chương 97: Hôi tẫn địa vực,7 tháng trước,1
103,https://qidian-vp.com/truyen/nguyen-thuy-phap-tac/chuong-103,Chương 98: Yên Châu Mục,7 tháng trước,1
104,https://qidian-vp.com/truyen/nguyen-thuy-phap-tac/chuong-104,Chương 99: Bái kiến thiên tử,7 tháng trước,1
105,https://qidian-vp.com/truyen/nguyen-thuy-phap-tac/chuong-105,"Chương 100: Phá cảnh cửu tuyền, tiến về Táng Tiên",7 tháng trước,1
106,https://qidian-vp.com/truyen/nguyen-thuy-phap-tac/chuong-106,Chương 101: Tổ Điền lưỡng phương,7 tháng trước,1
107,https://qidian-vp.com/truyen/nguyen-thuy-phap-tac/chuong-107,"Chương 102: Chí dương chi hoa, ta thay ngươi hái",7 tháng trước,1
108,https://qidian-vp.com/truyen/nguyen-thuy-phap-tac/chuong-108,Chương 103: Pháp Đạo Hỏa Viên,7 tháng trước,1
109,https://qidian-vp.com/truyen/nguyen-thuy-phap-tac/chuong-109,Chương 104: Nho gia lão giả,7 tháng trước,1
110,https://qidian-vp.com/truyen/nguyen-thuy-phap-tac/chuong-110,Chương 105: Một đao,7 tháng trước,1
111,https://qidian-vp.com/truyen/nguyen-thuy-phap-tac/chuong-111,"Chương 106: Loan Đài Thiên Sử, Khương Ninh",7 tháng trước,1
112,https://qidian-vp.com/truyen/nguyen-thuy-phap-tac/chuong-112,"Chương 107: G·i·ế·t Thương Lê, mưu tuyệt tự",7 tháng trước,1
113,https://qidian-vp.com/truyen/nguyen-thuy-phap-tac/chuong-113,Chương 108: Xích địa,7 tháng trước,1
114,https://qidian-vp.com/truyen/nguyen-thuy-phap-tac/chuong-114,Chương 109: Trảm Yêu Vương Lục Thế Tôn,7 tháng trước,1
115,https://qidian-vp.com/truyen/nguyen-thuy-phap-tac/chuong-115,"Chương 110: G·i·ế·t Ngũ Hải, tru cửu tuyền",7 tháng trước,1
116,https://qidian-vp.com/truyen/nguyen-thuy-phap-tac/chuong-116,Chương 111: Không thể nào làm được sự tình,7 tháng trước,1
117,https://qidian-vp.com/truyen/nguyen-thuy-phap-tac/chuong-117,"Chương 112: Hấp thu tiên hà, Thần Khuyết sơ hiện",7 tháng trước,1
118,https://qidian-vp.com/truyen/nguyen-thuy-phap-tac/chuong-118,Chương 113: Cái kia nam nhân trở về,7 tháng trước,1
119,https://qidian-vp.com/truyen/nguyen-thuy-phap-tac/chuong-119,Chương 114: Một trăm linh bảy mạch,7 tháng trước,1
120,https://qidian-vp.com/truyen/nguyen-thuy-phap-tac/chuong-120,Chương 115: Mua mệnh sinh ý,6 tháng trước,1
121,https://qidian-vp.com/truyen/nguyen-thuy-phap-tac/chuong-121,Chương 116: Không cách nào đến cổ trấn,6 tháng trước,1
122,https://qidian-vp.com/truyen/nguyen-thuy-phap-tac/chuong-122,"Chương 117: Thập tuyền mở, Thần Khuyết ảo diệu",6 tháng trước,1
123,https://qidian-vp.com/truyen/nguyen-thuy-phap-tac/chuong-123,Chương 118: Lê Lăng cường giả khí tràng,6 tháng trước,1
124,https://qidian-vp.com/truyen/nguyen-thuy-phap-tac/chuong-124,Chương 119: Tả Khâu Đình,6 tháng trước,1
125,https://qidian-vp.com/truyen/nguyen-thuy-phap-tac/chuong-125,Chương 120: Truyện thừa giả đẳng cấp quyết đấu,6 tháng trước,1
126,https://qidian-vp.com/truyen/nguyen-thuy-phap-tac/chuong-126,Chương 121: Thánh đế cùng Pháp Vương,6 tháng trước,1
127,https://qidian-vp.com/truyen/nguyen-thuy-phap-tac/chuong-127,Chương 122: Khương Ninh cùng Tả Khâu Đình,6 tháng trước,1
128,https://qidian-vp.com/truyen/nguyen-thuy-phap-tac/chuong-129,Chương 123: Tam Thập Tam Lý Sơn hạ,6 tháng trước,1
129,https://qidian-vp.com/truyen/nguyen-thuy-phap-tac/chuong-130,"Chương 124: Thiên Thông Nhãn, Tả Khưu bí thuật?",6 tháng trước,1
130,https://qidian-vp.com/truyen/nguyen-thuy-phap-tac/chuong-131,Chương 125: Cự thủ nhân ảnh,6 tháng trước,1
131,https://qidian-vp.com/truyen/nguyen-thuy-phap-tac/chuong-132,Chương 126: Kim tuyền cùng tiên nhưỡng,6 tháng trước,1
132,https://qidian-vp.com/truyen/nguyen-thuy-phap-tac/chuong-133,Chương 127: Thượng Chí cái c·h·ế·t,6 tháng trước,1
133,https://qidian-vp.com/truyen/nguyen-thuy-phap-tac/chuong-134,Chương 128: Gặp lại Táng Tiên Trấn thệ linh trấn dân,6 tháng trước,1
134,https://qidian-vp.com/truyen/nguyen-thuy-phap-tac/chuong-135,Chương 129: Hộ Đạo Thê mở miệng,6 tháng trước,1
135,https://qidian-vp.com/truyen/nguyen-thuy-phap-tac/chuong-136,Chương 130: Doanh Châu gặp Hiên Viên,6 tháng trước,1
136,https://qidian-vp.com/truyen/nguyen-thuy-phap-tac/chuong-137,Chương 131: Đánh g·i·ế·t trong chớp mắt,6 tháng trước,1
137,https://qidian-vp.com/truyen/nguyen-thuy-phap-tac/chuong-138,Chương 132: Khí hải thập phương,6 tháng trước,1
138,https://qidian-vp.com/truyen/nguyen-thuy-phap-tac/chuong-139,Chương 133: Ẩn quân tới,6 tháng trước,1
139,https://qidian-vp.com/truyen/nguyen-thuy-phap-tac/chuong-140,Chương 134: Xuống núi,6 tháng trước,1
140,https://qidian-vp.com/truyen/nguyen-thuy-phap-tac/chuong-141,"Chương 135: Ẩn nhị, Ẩn thập tam",6 tháng trước,1
141,https://qidian-vp.com/truyen/nguyen-thuy-phap-tac/chuong-142,Chương 136: Truy bắt Thạch Lục D·ụ·c,6 tháng trước,1
142,https://qidian-vp.com/truyen/nguyen-thuy-phap-tac/chuong-143,Chương 137: Địa Lang Vương Quân đại lão gia,6 tháng trước,1
143,https://qidian-vp.com/truyen/nguyen-thuy-phap-tac/chuong-144,Chương 138: Xúi giục,6 tháng trước,1
144,https://qidian-vp.com/truyen/nguyen-thuy-phap-tac/chuong-145,Chương 139: Tiềm Long Đăng Hội,6 tháng trước,1
145,https://qidian-vp.com/truyen/nguyen-thuy-phap-tac/chuong-146,Chương 140: Thương Lê vảy ngược,6 tháng trước,1
146,https://qidian-vp.com/truyen/nguyen-thuy-phap-tac/chuong-147,Chương 141: Thiền Hải Quan Vụ ngả bài,6 tháng trước,1
147,https://qidian-vp.com/truyen/nguyen-thuy-phap-tac/chuong-148,Chương 142: G·i·ế·t ra khỏi trùng vây,6 tháng trước,1
148,https://qidian-vp.com/truyen/nguyen-thuy-phap-tac/chuong-149,Chương 143: Long sơn sơn mạch chỗ sâu,6 tháng trước,1
149,https://qidian-vp.com/truyen/nguyen-thuy-phap-tac/chuong-150,Chương 144: Vong Giả U Cảnh gặp Khương Ninh,6 tháng trước,1
150,https://qidian-vp.com/truyen/nguyen-thuy-phap-tac/chuong-151,Chương 145: Vụ thiên tử (hai hợp một 6000 chữ),6 tháng trước,1
151,https://qidian-vp.com/truyen/nguyen-thuy-phap-tac/chuong-152,Chương 146: Kim Kiếm phù cùng chiến pháp ý niệm,6 tháng trước,1
152,https://qidian-vp.com/truyen/nguyen-thuy-phap-tac/chuong-153,Chương 147: Cửu Lê chi thần trà trộn vào tới,6 tháng trước,1
153,https://qidian-vp.com/truyen/nguyen-thuy-phap-tac/chuong-154,Chương 148: Lại gặp tẫn linh,6 tháng trước,1
154,https://qidian-vp.com/truyen/nguyen-thuy-phap-tac/chuong-155,Chương 149: Chi Châu gặp nhau,6 tháng trước,1
155,https://qidian-vp.com/truyen/nguyen-thuy-phap-tac/chuong-156,Chương 150: Dạ Hoàng thiềm độc,6 tháng trước,1
156,https://qidian-vp.com/truyen/nguyen-thuy-phap-tac/chuong-157,"Chương 151: Đại niệm sư, Hi Hòa Hoa",6 tháng trước,1
157,https://qidian-vp.com/truyen/nguyen-thuy-phap-tac/chuong-158,Chương 152: Vũ Văn tướng quân,6 tháng trước,1
158,https://qidian-vp.com/truyen/nguyen-thuy-phap-tac/chuong-159,Chương 153: Liều thắng,6 tháng trước,1
159,https://qidian-vp.com/truyen/nguyen-thuy-phap-tac/chuong-160,Chương 154: Ly biệt,6 tháng trước,1
160,https://qidian-vp.com/truyen/nguyen-thuy-phap-tac/chuong-161,Chương 155: Ngũ Hải đệ nhị cảnh,6 tháng trước,1
161,https://qidian-vp.com/truyen/nguyen-thuy-phap-tac/chuong-162,Chương 156: Thiên Các vân khuyết,6 tháng trước,1
162,https://qidian-vp.com/truyen/nguyen-thuy-phap-tac/chuong-163,"Chương 157: Chỉ Qua Kiếm, Trần Văn Vũ",6 tháng trước,1
163,https://qidian-vp.com/truyen/nguyen-thuy-phap-tac/chuong-164,Chương 158: Truy tung,6 tháng trước,1
164,https://qidian-vp.com/truyen/nguyen-thuy-phap-tac/chuong-165,Chương 159: Ấu Tôn,6 tháng trước,1
165,https://qidian-vp.com/truyen/nguyen-thuy-phap-tac/chuong-166,"Chương 160: Ẩn cửu, Ẩn thập, Ẩn thập nhất",6 tháng trước,1
166,https://qidian-vp.com/truyen/nguyen-thuy-phap-tac/chuong-167,Chương 161: Di thiên đại họa,6 tháng trước,1
167,https://qidian-vp.com/truyen/nguyen-thuy-phap-tac/chuong-168,Chương 162: Năm vạn cân,6 tháng trước,1
168,https://qidian-vp.com/truyen/nguyen-thuy-phap-tac/chuong-169,Chương 163: Loan Sinh Lân Ấu,6 tháng trước,1
169,https://qidian-vp.com/truyen/nguyen-thuy-phap-tac/chuong-170,Chương 164: Xuất hải,6 tháng trước,1
170,https://qidian-vp.com/truyen/nguyen-thuy-phap-tac/chuong-171,Chương 165: Thiếu niên châu mục Lý Duy Nhất,6 tháng trước,1
171,https://qidian-vp.com/truyen/nguyen-thuy-phap-tac/chuong-172,"Chương 166: Thiên Nhất Môn, Hoắc Càn Khôn",6 tháng trước,1
172,https://qidian-vp.com/truyen/nguyen-thuy-phap-tac/chuong-173,Chương 167: Kỳ đại nhân,6 tháng trước,1
173,https://qidian-vp.com/truyen/nguyen-thuy-phap-tac/chuong-175,Chương 168: Ngân thương chiếu Bạch Hổ,6 tháng trước,1
174,https://qidian-vp.com/truyen/nguyen-thuy-phap-tac/chuong-176,Chương 169: Giải độc,6 tháng trước,1
175,https://qidian-vp.com/truyen/nguyen-thuy-phap-tac/chuong-177,Chương 170: Thuyền đánh cá nửa tháng,6 tháng trước,1
176,https://qidian-vp.com/truyen/nguyen-thuy-phap-tac/chuong-178,Chương 171: Nhục thân tam bộ,5 tháng trước,1
177,https://qidian-vp.com/truyen/nguyen-thuy-phap-tac/chuong-179,Chương 172: Khâu Châu Tiên Lâm,5 tháng trước,1
178,https://qidian-vp.com/truyen/nguyen-thuy-phap-tac/chuong-180,Chương 173: Ẩn nhân tụ hội,5 tháng trước,1
179,https://qidian-vp.com/truyen/nguyen-thuy-phap-tac/chuong-181,Chương 174: Đây không phải một trận thịnh hội,5 tháng trước,1
180,https://qidian-vp.com/truyen/nguyen-thuy-phap-tac/chuong-182,Chương 175: Kế hoạch,5 tháng trước,1
181,https://qidian-vp.com/truyen/nguyen-thuy-phap-tac/chuong-183,Chương 176: Duy Nhất tiểu hội,5 tháng trước,1
182,https://qidian-vp.com/truyen/nguyen-thuy-phap-tac/chuong-184,Chương 177: Ngươi không làm Thần ẩn nhân người nào làm,5 tháng trước,1
183,https://qidian-vp.com/truyen/nguyen-thuy-phap-tac/chuong-185,"Chương 178: Một giáp yết bảng, Nam Cảnh mười người",5 tháng trước,1
184,https://qidian-vp.com/truyen/nguyen-thuy-phap-tac/chuong-186,Chương 179: Minh nguyệt thất tinh các,5 tháng trước,1
185,https://qidian-vp.com/truyen/nguyen-thuy-phap-tac/chuong-187,Chương 180: Tam tiên tề tụ,5 tháng trước,1
186,https://qidian-vp.com/truyen/nguyen-thuy-phap-tac/chuong-188,Chương 181: Tuy Tông quẫn cảnh,5 tháng trước,1
187,https://qidian-vp.com/truyen/nguyen-thuy-phap-tac/chuong-189,Chương 182: Kinh hồn chi biến,5 tháng trước,1
188,https://qidian-vp.com/truyen/nguyen-thuy-phap-tac/chuong-190,Chương 183: Chu Hoàn cái c·h·ế·t,5 tháng trước,1
189,https://qidian-vp.com/truyen/nguyen-thuy-phap-tac/chuong-191,Chương 184: Đối thủ chân chính,5 tháng trước,1
190,https://qidian-vp.com/truyen/nguyen-thuy-phap-tac/chuong-192,Chương 185: Thập dạ triền miên,5 tháng trước,1
191,https://qidian-vp.com/truyen/nguyen-thuy-phap-tac/chuong-193,Chương 186: Toàn lực ứng phó,5 tháng trước,1
192,https://qidian-vp.com/truyen/nguyen-thuy-phap-tac/chuong-194,Chương 187: Đạo thứ tư chiến pháp ý niệm,5 tháng trước,1
193,https://qidian-vp.com/truyen/nguyen-thuy-phap-tac/chuong-195,Chương 188: Cần Viên Ẩn quân,5 tháng trước,1
194,https://qidian-vp.com/truyen/nguyen-thuy-phap-tac/chuong-196,Chương 189: Cửu thủ Ma Giao,5 tháng trước,1
195,https://qidian-vp.com/truyen/nguyen-thuy-phap-tac/chuong-197,"Chương 190: Đạo quả s·ú·c khí, nhục thân lại tiến",5 tháng trước,1
196,https://qidian-vp.com/truyen/nguyen-thuy-phap-tac/chuong-198,Chương 191: Ẩn thập tới,5 tháng trước,1
197,https://qidian-vp.com/truyen/nguyen-thuy-phap-tac/chuong-199,Chương 192: Cùng cảnh vô song đệ nhất nhân,5 tháng trước,1
198,https://qidian-vp.com/truyen/nguyen-thuy-phap-tac/chuong-200,"Chương 193: Dùng võ kết bạn, trọng nghĩa khinh tài",5 tháng trước,1
199,https://qidian-vp.com/truyen/nguyen-thuy-phap-tac/chuong-201,Chương 194: Không diễn,5 tháng trước,1
200,https://qidian-vp.com/truyen/nguyen-thuy-phap-tac/chuong-202,Chương 195: Đánh cược,5 tháng trước,1
201,https://qidian-vp.com/truyen/nguyen-thuy-phap-tac/chuong-203,Chương 196: Người nào có thể nhất đánh,5 tháng trước,1
202,https://qidian-vp.com/truyen/nguyen-thuy-phap-tac/chuong-204,Chương 197: Các phương dân c·ờ· ·b·ạ·c,5 tháng trước,1
203,https://qidian-vp.com/truyen/nguyen-thuy-phap-tac/chuong-205,Chương 198: Tả Khâu Hồng Đình,5 tháng trước,1
204,https://qidian-vp.com/truyen/nguyen-thuy-phap-tac/chuong-206,Chương 199: Từ Hàng,5 tháng trước,1
205,https://qidian-vp.com/truyen/nguyen-thuy-phap-tac/chuong-207,Chương 200: Lấy một địch bốn,5 tháng trước,1
206,https://qidian-vp.com/truyen/nguyen-thuy-phap-tac/chuong-208,Chương 201: Đệ tứ cảnh,5 tháng trước,1
207,https://qidian-vp.com/truyen/nguyen-thuy-phap-tac/chuong-209,Chương 202: Cùng tiên cùng xe,5 tháng trước,1
208,https://qidian-vp.com/truyen/nguyen-thuy-phap-tac/chuong-210,Chương 203: Nhị cung chủ tới,5 tháng trước,1
209,https://qidian-vp.com/truyen/nguyen-thuy-phap-tac/chuong-211,Chương 204: Cường giả tư duy,5 tháng trước,1
210,https://qidian-vp.com/truyen/nguyen-thuy-phap-tac/chuong-212,Chương 205: Tứ đẳng thiếp mời,5 tháng trước,1
211,https://qidian-vp.com/truyen/nguyen-thuy-phap-tac/chuong-213,Chương 206: Thiên hạ thế cục co lại ở một thành,5 tháng trước,1
212,https://qidian-vp.com/truyen/nguyen-thuy-phap-tac/chuong-214,Chương 207: Hai đại thiếu nợ người,5 tháng trước,1
213,https://qidian-vp.com/truyen/nguyen-thuy-phap-tac/chuong-215,Chương 208: Lâu bên trong kịch chiến,5 tháng trước,1
214,https://qidian-vp.com/truyen/nguyen-thuy-phap-tac/chuong-216,Chương 209: Máu nhuộm trường hà,5 tháng trước,1
215,https://qidian-vp.com/truyen/nguyen-thuy-phap-tac/chuong-217,Chương 210: Không trạch ký,5 tháng trước,1
216,https://qidian-vp.com/truyen/nguyen-thuy-phap-tac/chuong-218,Chương 211: Trực diện Loan Sinh Lân Ấu,5 tháng trước,1
217,https://qidian-vp.com/truyen/nguyen-thuy-phap-tac/chuong-219,Chương 212: Tự mình xuất thủ,5 tháng trước,1
218,https://qidian-vp.com/truyen/nguyen-thuy-phap-tac/chuong-220,Chương 213: Đường Vãn Thu,5 tháng trước,1
219,https://qidian-vp.com/truyen/nguyen-thuy-phap-tac/chuong-221,Chương 214: Viên mãn,5 tháng trước,1
220,https://qidian-vp.com/truyen/nguyen-thuy-phap-tac/chuong-222,Chương 215: Dương Thanh Khê c·h·ế·t,5 tháng trước,1
221,https://qidian-vp.com/truyen/nguyen-thuy-phap-tac/chuong-223,Chương 216: Cát Tiên Đồng tung tích,5 tháng trước,1
222,https://qidian-vp.com/truyen/nguyen-thuy-phap-tac/chuong-224,Chương 217: Gieo gió gặt bão,5 tháng trước,1
223,https://qidian-vp.com/truyen/nguyen-thuy-phap-tac/chuong-225,Chương 218: Hung thủ,5 tháng trước,1
224,https://qidian-vp.com/truyen/nguyen-thuy-phap-tac/chuong-226,Chương 219: Quan tài bên trong ác đấu,5 tháng trước,1
225,https://qidian-vp.com/truyen/nguyen-thuy-phap-tac/chuong-227,Chương 220: Ngũ Tâm kiều thượng,5 tháng trước,1
226,https://qidian-vp.com/truyen/nguyen-thuy-phap-tac/chuong-228,Chương 221: Liều mạng,5 tháng trước,1
227,https://qidian-vp.com/truyen/nguyen-thuy-phap-tac/chuong-229,Chương 222: Các phương phản ứng,5 tháng trước,1
228,https://qidian-vp.com/truyen/nguyen-thuy-phap-tac/chuong-230,Chương 223: G·i·ế·t người nguyên nhân chính,5 tháng trước,1
229,https://qidian-vp.com/truyen/nguyen-thuy-phap-tac/chuong-231,Chương 224: Cơ bắp tạng phủ sinh tiên hà,5 tháng trước,1
230,https://qidian-vp.com/truyen/nguyen-thuy-phap-tac/chuong-232,Chương 225: Tróc gian,5 tháng trước,1
231,https://qidian-vp.com/truyen/nguyen-thuy-phap-tac/chuong-233,Chương 226: Thế lực lớn quyết đấu,5 tháng trước,1
232,https://qidian-vp.com/truyen/nguyen-thuy-phap-tac/chuong-234,Chương 227: Ngươi là truyền thừa giả đẳng cấp,5 tháng trước,1
233,https://qidian-vp.com/truyen/nguyen-thuy-phap-tac/chuong-235,Chương 228: Nam Cảnh cố nhân,5 tháng trước,1
234,https://qidian-vp.com/truyen/nguyen-thuy-phap-tac/chuong-236,"Chương 229: Đi nhanh lên, ta tới đối phó Khương Ninh",5 tháng trước,1
235,https://qidian-vp.com/truyen/nguyen-thuy-phap-tac/chuong-237,"Chương 230: Thương thiên đã c·h·ế·t, hoàng thiên đương lập",4 tháng trước,1
236,https://qidian-vp.com/truyen/nguyen-thuy-phap-tac/chuong-238,Chương 231: Cạm bẫy,4 tháng trước,1
237,https://qidian-vp.com/truyen/nguyen-thuy-phap-tac/chuong-239,Chương 232: Gom góp át chủ bài,4 tháng trước,1
238,https://qidian-vp.com/truyen/nguyen-thuy-phap-tac/chuong-240,Chương 233: Tá lực đả lực,4 tháng trước,1
239,https://qidian-vp.com/truyen/nguyen-thuy-phap-tac/chuong-241,Chương 234: Địa linh hôi vụ,4 tháng trước,1
240,https://qidian-vp.com/truyen/nguyen-thuy-phap-tac/chuong-242,Chương 235: Cát Tiên Đồng,4 tháng trước,1
241,https://qidian-vp.com/truyen/nguyen-thuy-phap-tac/chuong-243,Chương 236: Nhật nguyệt tề thăng,4 tháng trước,1
242,https://qidian-vp.com/truyen/nguyen-thuy-phap-tac/chuong-244,Chương 237: Tiên đồng rút đi,4 tháng trước,1
243,https://qidian-vp.com/truyen/nguyen-thuy-phap-tac/chuong-246,Chương 238: Kỳ vô hậu hồ (Không có con cháu),4 tháng trước,1
244,https://qidian-vp.com/truyen/nguyen-thuy-phap-tac/chuong-247,"Chương 239: Tết mười lăm, sáng sớm",4 tháng trước,1
245,https://qidian-vp.com/truyen/nguyen-thuy-phap-tac/chuong-248,Chương 240: Anh hùng hảo hán,4 tháng trước,1
246,https://qidian-vp.com/truyen/nguyen-thuy-phap-tac/chuong-249,Chương 241: Ngũ Hải Cảnh đệ ngũ cảnh viên mãn,4 tháng trước,1
247,https://qidian-vp.com/truyen/nguyen-thuy-phap-tac/chuong-252,Chương 242: Đường đình bại vong,4 tháng trước,1
248,https://qidian-vp.com/truyen/nguyen-thuy-phap-tac/chuong-253,Chương 243: Kỳ Tẫn cái c·h·ế·t,4 tháng trước,1
249,https://qidian-vp.com/truyen/nguyen-thuy-phap-tac/chuong-254,Chương 244: Muốn lập yêu quốc,4 tháng trước,1
250,https://qidian-vp.com/truyen/nguyen-thuy-phap-tac/chuong-255,Chương 245: Cửa thành phía dưới,4 tháng trước,1
251,https://qidian-vp.com/truyen/nguyen-thuy-phap-tac/chuong-258,Chương 246: Ngươi tới ta đi,4 tháng trước,1
252,https://qidian-vp.com/truyen/nguyen-thuy-phap-tac/chuong-259,"Chương 247: Quần anh hội tụ, đều có chiến trường",4 tháng trước,1
253,https://qidian-vp.com/truyen/nguyen-thuy-phap-tac/chuong-260,Chương 248: Binh bại như núi đổ,4 tháng trước,1
254,https://qidian-vp.com/truyen/nguyen-thuy-phap-tac/chuong-261,"Chương 249: Tiếng chuông, Tiên quy chở Long cung",4 tháng trước,1
255,https://qidian-vp.com/truyen/nguyen-thuy-phap-tac/chuong-262,Chương 250: Nguyên bản đăng,4 tháng trước,1
256,https://qidian-vp.com/truyen/nguyen-thuy-phap-tac/chuong-263,Chương 251: Nó trở về,4 tháng trước,1
257,https://qidian-vp.com/truyen/nguyen-thuy-phap-tac/chuong-265,Chương 252: Kỳ Lân Trang,4 tháng trước,1
258,https://qidian-vp.com/truyen/nguyen-thuy-phap-tac/chuong-266,Chương 253: Siêu nhiên tề tụ,4 tháng trước,1
259,https://qidian-vp.com/truyen/nguyen-thuy-phap-tac/chuong-267,Chương 254: Hi Hoàng Bát Quái Kính,4 tháng trước,1
260,https://qidian-vp.com/truyen/nguyen-thuy-phap-tac/chuong-268,Chương 255: Độ Ách Quan,4 tháng trước,1
261,https://qidian-vp.com/truyen/nguyen-thuy-phap-tac/chuong-270,Chương 256: Thiên hạ loạn cục,4 tháng trước,1
262,https://qidian-vp.com/truyen/nguyen-thuy-phap-tac/chuong-271,Chương 257: Phủ Châu kinh văn,4 tháng trước,1
263,https://qidian-vp.com/truyen/nguyen-thuy-phap-tac/chuong-272,Chương 258: Ẩn nhân danh sách,4 tháng trước,1
264,https://qidian-vp.com/truyen/nguyen-thuy-phap-tac/chuong-273,Chương 259: Thông gia,4 tháng trước,1
265,https://qidian-vp.com/truyen/nguyen-thuy-phap-tac/chuong-274,Chương 260: Tiểu điền lệnh,4 tháng trước,1
266,https://qidian-vp.com/truyen/nguyen-thuy-phap-tac/chuong-275,"Chương 261: Nhất lạp cốc, lưỡng phiến nha",4 tháng trước,1
267,https://qidian-vp.com/truyen/nguyen-thuy-phap-tac/chuong-276,Chương 262: Lễ đính hôn,4 tháng trước,1
268,https://qidian-vp.com/truyen/nguyen-thuy-phap-tac/chuong-277,"Chương 263: Kinh biến, Lý Duy Nhất phế đi",4 tháng trước,1
269,https://qidian-vp.com/truyen/nguyen-thuy-phap-tac/chuong-278,Chương 264: Ly biệt,4 tháng trước,1
270,https://qidian-vp.com/truyen/nguyen-thuy-phap-tac/chuong-279,"Chương 265: Nửa năm sau, đệ lục hải",4 tháng trước,1
271,https://qidian-vp.com/truyen/nguyen-thuy-phap-tac/chuong-281,Chương 266: Linh đài diễm tinh thạch,4 tháng trước,1
272,https://qidian-vp.com/truyen/nguyen-thuy-phap-tac/chuong-282,Chương 267: Tả Khâu Tàng Vũ,4 tháng trước,1
273,https://qidian-vp.com/truyen/nguyen-thuy-phap-tac/chuong-283,Chương 268: Ẩn ngũ,4 tháng trước,1
274,https://qidian-vp.com/truyen/nguyen-thuy-phap-tac/chuong-284,Chương 269: Đạo giáo chi bí,4 tháng trước,1
275,https://qidian-vp.com/truyen/nguyen-thuy-phap-tac/chuong-285,Chương 270: Đệ tứ thần tử,4 tháng trước,1
276,https://qidian-vp.com/truyen/nguyen-thuy-phap-tac/chuong-286,Chương 271: Một thân một mình,4 tháng trước,1
277,https://qidian-vp.com/truyen/nguyen-thuy-phap-tac/chuong-287,Chương 272: Đường Vãn Châu,4 tháng trước,1
278,https://qidian-vp.com/truyen/nguyen-thuy-phap-tac/chuong-288,Chương 273: Kỳ trùng hiển uy,4 tháng trước,1
279,https://qidian-vp.com/truyen/nguyen-thuy-phap-tac/chuong-289,Chương 274: Cứu người so g·i·ế·t người càng kiếm,4 tháng trước,1
280,https://qidian-vp.com/truyen/nguyen-thuy-phap-tac/chuong-290,"Chương 275: Phù Tang quang ảnh, Linh niệm sư thành",4 tháng trước,1
281,https://qidian-vp.com/truyen/nguyen-thuy-phap-tac/chuong-291,Chương 276: Toàn lực một trận chiến,4 tháng trước,1
282,https://qidian-vp.com/truyen/nguyen-thuy-phap-tac/chuong-292,Chương 277: Khâu bắc bình nguyên,4 tháng trước,1
283,https://qidian-vp.com/truyen/nguyen-thuy-phap-tac/chuong-293,Chương 278: Thần tuyết nhất kiếm trảm,4 tháng trước,1
284,https://qidian-vp.com/truyen/nguyen-thuy-phap-tac/chuong-294,Chương 279: Đường đình doanh trướng,4 tháng trước,1
285,https://qidian-vp.com/truyen/nguyen-thuy-phap-tac/chuong-296,Chương 280: Thời gian chi kén,4 tháng trước,1
286,https://qidian-vp.com/truyen/nguyen-thuy-phap-tac/chuong-297,Chương 281: Tiến vào lòng đất Tiên Phủ,4 tháng trước,1
287,https://qidian-vp.com/truyen/nguyen-thuy-phap-tac/chuong-298,Chương 282: Mục đích thật sự,4 tháng trước,1
288,https://qidian-vp.com/truyen/nguyen-thuy-phap-tac/chuong-299,Chương 283: Máu nhuộm tế đàn,4 tháng trước,1
289,https://qidian-vp.com/truyen/nguyen-thuy-phap-tac/chuong-300,Chương 284: Nghiêu Thanh Huyền?,4 tháng trước,1
290,https://qidian-vp.com/truyen/nguyen-thuy-phap-tac/chuong-301,Chương 285: Đạo giáo tổng đàn,4 tháng trước,1
291,https://qidian-vp.com/truyen/nguyen-thuy-phap-tac/chuong-302,Chương 286: Đạo giáo tứ điện,4 tháng trước,1
292,https://qidian-vp.com/truyen/nguyen-thuy-phap-tac/chuong-303,Chương 287: Gặp lại đệ tứ thần tử,4 tháng trước,1
293,https://qidian-vp.com/truyen/nguyen-thuy-phap-tac/chuong-304,"Chương 288: Phá cảnh, nhị tinh Linh niệm sư",4 tháng trước,1
294,https://qidian-vp.com/truyen/nguyen-thuy-phap-tac/chuong-305,Chương 289: An Nhàn Tĩnh,4 tháng trước,1
295,https://qidian-vp.com/truyen/nguyen-thuy-phap-tac/chuong-306,Chương 290: Thời gian cực nhanh,3 tháng trước,1
296,https://qidian-vp.com/truyen/nguyen-thuy-phap-tac/chuong-307,"Chương 291: Đệ thất hải, ám sát",3 tháng trước,1
297,https://qidian-vp.com/truyen/nguyen-thuy-phap-tac/chuong-308,Chương 292: Bái sư Nghiêu Thanh Huyền,3 tháng trước,1
298,https://qidian-vp.com/truyen/nguyen-thuy-phap-tac/chuong-309,Chương 293: Tỷ phu,3 tháng trước,1
299,https://qidian-vp.com/truyen/nguyen-thuy-phap-tac/chuong-310,Chương 268: Ẩn Ngũ,3 tháng trước,1
300,https://qidian-vp.com/truyen/nguyen-thuy-phap-tac/chuong-311,Chương 294: Đại đệ tử,3 tháng trước,1
301,https://qidian-vp.com/truyen/nguyen-thuy-phap-tac/chuong-312,Chương 295: Đoạt đạo,3 tháng trước,1
302,https://qidian-vp.com/truyen/nguyen-thuy-phap-tac/chuong-313,Chương 296: Lục như phần nghiệp,3 tháng trước,1
303,https://qidian-vp.com/truyen/nguyen-thuy-phap-tac/chuong-314,Chương 297: Thần tử thủ tọa,3 tháng trước,1
304,https://qidian-vp.com/truyen/nguyen-thuy-phap-tac/chuong-315,"Chương 298: Việc này đặt ở tà giáo, cũng phi thường nổ tung",3 tháng trước,1
305,https://qidian-vp.com/truyen/nguyen-thuy-phap-tac/chuong-316,Chương 299: Cấu kết với nhau làm việc xấu,3 tháng trước,1
306,https://qidian-vp.com/truyen/nguyen-thuy-phap-tac/chuong-317,Chương 300: Âm thi chủng đạo,3 tháng trước,1
307,https://qidian-vp.com/truyen/nguyen-thuy-phap-tac/chuong-318,"Chương 301: Lý Duy Nhất, ngươi phải giúp ta",3 tháng trước,1
308,https://qidian-vp.com/truyen/nguyen-thuy-phap-tac/chuong-319,Chương 302: Phá cảnh xuất quan,3 tháng trước,1
309,https://qidian-vp.com/truyen/nguyen-thuy-phap-tac/chuong-320,Chương 303: Trùng trùng điệp điệp,3 tháng trước,1
310,https://qidian-vp.com/truyen/nguyen-thuy-phap-tac/chuong-323,Chương 304: Linh tích sơn đỉnh,3 tháng trước,1
311,https://qidian-vp.com/truyen/nguyen-thuy-phap-tac/chuong-324,Chương 305: Đại thuật chân chính tu luyện pháp,3 tháng trước,1
312,https://qidian-vp.com/truyen/nguyen-thuy-phap-tac/chuong-325,Chương 306: Trảm Nhị vương,3 tháng trước,1
313,https://qidian-vp.com/truyen/nguyen-thuy-phap-tac/chuong-326,Chương 307: Chạy thoát,3 tháng trước,1
314,https://qidian-vp.com/truyen/nguyen-thuy-phap-tac/chuong-327,Chương 308: Không gian truyền tống trận,3 tháng trước,1
315,https://qidian-vp.com/truyen/nguyen-thuy-phap-tac/chuong-328,Chương 309: An Nhàn Tĩnh trở về,3 tháng trước,1
316,https://qidian-vp.com/truyen/nguyen-thuy-phap-tac/chuong-329,Chương 310: Sắc phong thần tử,3 tháng trước,1
317,https://qidian-vp.com/truyen/nguyen-thuy-phap-tac/chuong-330,"Chương 311: Trong cung khổ tu, bước vào Đạo Chủng Cảnh",3 tháng trước,1
318,https://qidian-vp.com/truyen/nguyen-thuy-phap-tac/chuong-331,"Chương 312: Tinh hải phá diệt, Từ Hàng ngoái nhìn",3 tháng trước,1
319,https://qidian-vp.com/truyen/nguyen-thuy-phap-tac/chuong-332,Chương 313: Hứa trưởng lão tin tức,3 tháng trước,1
320,https://qidian-vp.com/truyen/nguyen-thuy-phap-tac/chuong-333,Chương 314: Thí thần bộc,3 tháng trước,1
321,https://qidian-vp.com/truyen/nguyen-thuy-phap-tac/chuong-334,Chương 315: Thập nhị tự đạo chủng,3 tháng trước,1
322,https://qidian-vp.com/truyen/nguyen-thuy-phap-tac/chuong-335,Chương 316: Hái hoa,3 tháng trước,1
323,https://qidian-vp.com/truyen/nguyen-thuy-phap-tac/chuong-336,Chương 317: Tư Không nhất tộc,3 tháng trước,1
324,https://qidian-vp.com/truyen/nguyen-thuy-phap-tac/chuong-337,Chương 318: Thần tử quyết đấu,3 tháng trước,1
325,https://qidian-vp.com/truyen/nguyen-thuy-phap-tac/chuong-338,Chương 319: Kỳ dị pháp trượng,3 tháng trước,1
326,https://qidian-vp.com/truyen/nguyen-thuy-phap-tac/chuong-339,Chương 320: Họ Lý,3 tháng trước,1
327,https://qidian-vp.com/truyen/nguyen-thuy-phap-tac/chuong-340,"Chương 321: Đại thu hoạch, đại nguy cơ",3 tháng trước,1
328,https://qidian-vp.com/truyen/nguyen-thuy-phap-tac/chuong-341,Chương 322: Gian nan thế cục,3 tháng trước,1
329,https://qidian-vp.com/truyen/nguyen-thuy-phap-tac/chuong-342,Chương 323: Quán sư phụ,3 tháng trước,1
330,https://qidian-vp.com/truyen/nguyen-thuy-phap-tac/chuong-343,Chương 324: Vạn vật trượng mâu,3 tháng trước,1
331,https://qidian-vp.com/truyen/nguyen-thuy-phap-tac/chuong-344,Chương 325: Lòng đất Tiên phủ biến đổi lớn,3 tháng trước,1
332,https://qidian-vp.com/truyen/nguyen-thuy-phap-tac/chuong-345,Chương 326: Đường Vãn Châu xảy ra vấn đề,3 tháng trước,1
333,https://qidian-vp.com/truyen/nguyen-thuy-phap-tac/chuong-346,Chương 327: Giải thích không rõ,3 tháng trước,1
334,https://qidian-vp.com/truyen/nguyen-thuy-phap-tac/chuong-347,Chương 328: Loan Sinh Lân Ấu đến tổng đàn,3 tháng trước,1
335,https://qidian-vp.com/truyen/nguyen-thuy-phap-tac/chuong-348,Chương 329: Mưa gió sắp đến,3 tháng trước,1
336,https://qidian-vp.com/truyen/nguyen-thuy-phap-tac/chuong-349,Chương 330: Đã là năm sau đông,3 tháng trước,1
337,https://qidian-vp.com/truyen/nguyen-thuy-phap-tac/chuong-350,Chương 331: Thiên hạ thế cục,3 tháng trước,1
338,https://qidian-vp.com/truyen/nguyen-thuy-phap-tac/chuong-351,Chương 332: Thái sử gia tộc,3 tháng trước,1
339,https://qidian-vp.com/truyen/nguyen-thuy-phap-tac/chuong-352,Chương 333: Long Môn thượng một cái giáp truyền thừa giả,3 tháng trước,1
340,https://qidian-vp.com/truyen/nguyen-thuy-phap-tac/chuong-353,Chương 334: Thất trảo thiên long đạo tâm ngoại tượng,3 tháng trước,1
341,https://qidian-vp.com/truyen/nguyen-thuy-phap-tac/chuong-354,Chương 335: Lục Thương Sinh trở về,3 tháng trước,1
342,https://qidian-vp.com/truyen/nguyen-thuy-phap-tac/chuong-355,Chương 336: Tan hồn bí thuật,3 tháng trước,1
343,https://qidian-vp.com/truyen/nguyen-thuy-phap-tac/chuong-356,Chương 337: Quyết đấu Long Hương Sầm,3 tháng trước,1
344,https://qidian-vp.com/truyen/nguyen-thuy-phap-tac/chuong-357,Chương 309: An Nhàn Tĩnh trở về,3 tháng trước,1
345,https://qidian-vp.com/truyen/nguyen-thuy-phap-tac/chuong-358,Chương 338: Lôi tam thập lục lăng,3 tháng trước,1
346,https://qidian-vp.com/truyen/nguyen-thuy-phap-tac/chuong-359,Chương 339: Nghênh chiến Loan Sinh Lân Ấu,3 tháng trước,1
347,https://qidian-vp.com/truyen/nguyen-thuy-phap-tac/chuong-360,Chương 340: Ẩn quân,3 tháng trước,1
348,https://qidian-vp.com/truyen/nguyen-thuy-phap-tac/chuong-361,Chương 341: Tuyết bay toàn thành,3 tháng trước,1
349,https://qidian-vp.com/truyen/nguyen-thuy-phap-tac/chuong-362,Chương 342: Phản kích,3 tháng trước,1
350,https://qidian-vp.com/truyen/nguyen-thuy-phap-tac/chuong-363,Chương 343: Không tiếc hết thảy,3 tháng trước,1
351,https://qidian-vp.com/truyen/nguyen-thuy-phap-tac/chuong-364,Chương 344: Mượn lực,3 tháng trước,1
352,https://qidian-vp.com/truyen/nguyen-thuy-phap-tac/chuong-365,Chương 345: Hai lá huyết thư,3 tháng trước,1
353,https://qidian-vp.com/truyen/nguyen-thuy-phap-tac/chuong-366,Chương 346: Đạo tâm ngoại tượng đạt lý,3 tháng trước,1
354,https://qidian-vp.com/truyen/nguyen-thuy-phap-tac/chuong-367,Chương 347: Cạm bẫy,3 tháng trước,1
355,https://qidian-vp.com/truyen/nguyen-thuy-phap-tac/chuong-368,Chương 348: Từ cổ trung nghĩa lưỡng nan toàn,3 tháng trước,1
356,https://qidian-vp.com/truyen/nguyen-thuy-phap-tac/chuong-369,Chương 349: Ta là Thái Sử Bạch bằng hữu,3 tháng trước,1
357,https://qidian-vp.com/truyen/nguyen-thuy-phap-tac/chuong-370,tối nay đổi mới trì hoãn!,2 tháng trước,1
358,https://qidian-vp.com/truyen/nguyen-thuy-phap-tac/chuong-371,Chương 350: Ngoại cảnh thiên kiêu,2 tháng trước,1
359,https://qidian-vp.com/truyen/nguyen-thuy-phap-tac/chuong-372,Chương 351: Tề Tiêu mang về tin tức,2 tháng trước,1
360,https://qidian-vp.com/truyen/nguyen-thuy-phap-tac/chuong-373,Chương 352: Bí ẩn chiến tuyến,2 tháng trước,1
361,https://qidian-vp.com/truyen/nguyen-thuy-phap-tac/chuong-374,Chương 353: Ngũ tinh Linh niệm sư,2 tháng trước,1
362,https://qidian-vp.com/truyen/nguyen-thuy-phap-tac/chuong-375,"Chương 354: Tế đàn, cổ chú",2 tháng trước,1
363,https://qidian-vp.com/truyen/nguyen-thuy-phap-tac/chuong-376,Chương 355: Thái Sử gia tộc nguy cơ,2 tháng trước,1
364,https://qidian-vp.com/truyen/nguyen-thuy-phap-tac/chuong-377,Chương 356: Hưng sư vấn tội,2 tháng trước,1
365,https://qidian-vp.com/truyen/nguyen-thuy-phap-tac/chuong-378,Chương 357: Vạn dặm trăm phường Lăng Tiêu Thành,2 tháng trước,1
366,https://qidian-vp.com/truyen/nguyen-thuy-phap-tac/chuong-379,Chương 358: Thái Sử giáp thủ Thái Sử Vũ,2 tháng trước,1
367,https://qidian-vp.com/truyen/nguyen-thuy-phap-tac/chuong-380,Chương 359: Gặp mặt Ẩn nhị,2 tháng trước,1
368,https://qidian-vp.com/truyen/nguyen-thuy-phap-tac/chuong-381,Chương 360: Đại chiến quỷ mẫu,2 tháng trước,1
369,https://qidian-vp.com/truyen/nguyen-thuy-phap-tac/chuong-382,Chương 361: Thái Sử dạ yến,2 tháng trước,1
370,https://qidian-vp.com/truyen/nguyen-thuy-phap-tac/chuong-383,Chương 362: Phù tang thụ hạ,2 tháng trước,1
371,https://qidian-vp.com/truyen/nguyen-thuy-phap-tac/chuong-384,Chương 363: Lại bị Khương đại nhân chặn đường,2 tháng trước,1
372,https://qidian-vp.com/truyen/nguyen-thuy-phap-tac/chuong-385,Chương 364: Bại lộ,2 tháng trước,1
373,https://qidian-vp.com/truyen/nguyen-thuy-phap-tac/chuong-386,Chương 365: Tây Hải Vương phủ,2 tháng trước,1
374,https://qidian-vp.com/truyen/nguyen-thuy-phap-tac/chuong-387,tháng 6 nguyệt phiếu rút thưởng hoạt động!,2 tháng trước,1
375,https://qidian-vp.com/truyen/nguyen-thuy-phap-tac/chuong-388,Chương 366: Thánh Anh,2 tháng trước,1
376,https://qidian-vp.com/truyen/nguyen-thuy-phap-tac/chuong-389,Chương 367: Ma quốc Tiêu dao kinh,2 tháng trước,1
377,https://qidian-vp.com/truyen/nguyen-thuy-phap-tac/chuong-390,Chương 368: Ta nhất định đánh c·h·ế·t ngươi,2 tháng trước,1
378,https://qidian-vp.com/truyen/nguyen-thuy-phap-tac/chuong-391,Chương 369: Tả Ninh cùng Tạ Sở Tài,2 tháng trước,1
379,https://qidian-vp.com/truyen/nguyen-thuy-phap-tac/chuong-392,Chương 370: Hai mâu trọng thương,2 tháng trước,1
380,https://qidian-vp.com/truyen/nguyen-thuy-phap-tac/chuong-393,Chương 371: Liên phá hai trọng đạo tượng đồ,2 tháng trước,1
381,https://qidian-vp.com/truyen/nguyen-thuy-phap-tac/chuong-394,Chương 372: Lục niệm thiền viện,2 tháng trước,1
382,https://qidian-vp.com/truyen/nguyen-thuy-phap-tac/chuong-395,Chương 373: Thần tử đánh thần tử,2 tháng trước,1
383,https://qidian-vp.com/truyen/nguyen-thuy-phap-tac/chuong-396,đổi mới trì hoãn thông tri!,2 tháng trước,1
384,https://qidian-vp.com/truyen/nguyen-thuy-phap-tac/chuong-397,Chương 374: Ngả bài,2 tháng trước,1
385,https://qidian-vp.com/truyen/nguyen-thuy-phap-tac/chuong-398,Chương 375: Ngươi cảm thấy ta ăn dấm,2 tháng trước,1
386,https://qidian-vp.com/truyen/nguyen-thuy-phap-tac/chuong-399,Chương 376: Ẩn nhân hội nghị,2 tháng trước,1
387,https://qidian-vp.com/truyen/nguyen-thuy-phap-tac/chuong-400,Chương 377: Tiểu trưởng lão,2 tháng trước,1
388,https://qidian-vp.com/truyen/nguyen-thuy-phap-tac/chuong-401,Chương 378: Tỷ ta c·h·ế·t,2 tháng trước,1
389,https://qidian-vp.com/truyen/nguyen-thuy-phap-tac/chuong-402,Chương 379: Đạo sinh,2 tháng trước,1
390,https://qidian-vp.com/truyen/nguyen-thuy-phap-tac/chuong-403,"Chương 380: Bị tập kích, gặp lại Loan Sinh Lân Ấu",2 tháng trước,1
391,https://qidian-vp.com/truyen/nguyen-thuy-phap-tac/chuong-404,Chương 381: Lý Duy Nhất toàn bộ thực lực,2 tháng trước,1
392,https://qidian-vp.com/truyen/nguyen-thuy-phap-tac/chuong-405,Chương 382: Nàng mới thật sự là Tả Ninh,2 tháng trước,1
393,https://qidian-vp.com/truyen/nguyen-thuy-phap-tac/chuong-406,Chương 383: Đến từ vị hôn thê khảo vấn,2 tháng trước,1
394,https://qidian-vp.com/truyen/nguyen-thuy-phap-tac/chuong-407,Chương 384: Hồng nhan tri kỷ,2 tháng trước,1
395,https://qidian-vp.com/truyen/nguyen-thuy-phap-tac/chuong-408,Chương 385: Thái Thường Tự,2 tháng trước,1
396,https://qidian-vp.com/truyen/nguyen-thuy-phap-tac/chuong-409,Chương 386: Viễn cổ tiên tuyền,2 tháng trước,1
397,https://qidian-vp.com/truyen/nguyen-thuy-phap-tac/chuong-410,Chương 387: Chiến thư,2 tháng trước,1
398,https://qidian-vp.com/truyen/nguyen-thuy-phap-tac/chuong-411,Chương 388: Khiêu khích,2 tháng trước,1
399,https://qidian-vp.com/truyen/nguyen-thuy-phap-tac/chuong-412,Chương 389: Hắc ám thần tộc,2 tháng trước,1
400,https://qidian-vp.com/truyen/nguyen-thuy-phap-tac/chuong-413,tối nay đổi mới trì hoãn!,2 tháng trước,1
401,https://qidian-vp.com/truyen/nguyen-thuy-phap-tac/chuong-414,Chương 390: Ba mươi mốt tháng chạp,2 tháng trước,1
402,https://qidian-vp.com/truyen/nguyen-thuy-phap-tac/chuong-415,Chương 391: Chiều hướng phát triển,2 tháng trước,1
403,https://qidian-vp.com/truyen/nguyen-thuy-phap-tac/chuong-416,"Chương 392: Giao phong, Lục niệm chi đỉnh",2 tháng trước,1
404,https://qidian-vp.com/truyen/nguyen-thuy-phap-tac/chuong-417,"Chương 393: Tuyệt đại Châu mục, Thiên tử Long hồn",2 tháng trước,1
405,https://qidian-vp.com/truyen/nguyen-thuy-phap-tac/chuong-418,đổi mới trì hoãn ~,2 tháng trước,1
406,https://qidian-vp.com/truyen/nguyen-thuy-phap-tac/chuong-419,Chương 394: Triêu dương xuất Phù Tang,2 tháng trước,1
407,https://qidian-vp.com/truyen/nguyen-thuy-phap-tac/chuong-420,Chương 395: Tam cung chủ giá lâm,2 tháng trước,1
408,https://qidian-vp.com/truyen/nguyen-thuy-phap-tac/chuong-421,"tháng 6, nửa tháng sau nguyệt phiếu rút thưởng hoạt động",2 tháng trước,1
409,https://qidian-vp.com/truyen/nguyen-thuy-phap-tac/chuong-422,tối nay đổi mới chậm một chút một điểm!,2 tháng trước,1
410,https://qidian-vp.com/truyen/nguyen-thuy-phap-tac/chuong-423,"Chương 396: Thánh Anh c·h·ế·t, Ma Đồng xuất",2 tháng trước,1
411,https://qidian-vp.com/truyen/nguyen-thuy-phap-tac/chuong-424,Chương 397: Mất hết can đảm,2 tháng trước,1
412,https://qidian-vp.com/truyen/nguyen-thuy-phap-tac/chuong-425,tháng 6 nguyệt phiếu rút thưởng kết quả!,2 tháng trước,1
413,https://qidian-vp.com/truyen/nguyen-thuy-phap-tac/chuong-426,Chương 398: Thiên đạo sáng tỏ,2 tháng trước,1
414,https://qidian-vp.com/truyen/nguyen-thuy-phap-tac/chuong-427,Chương 399: Thật không phải ngươi làm,2 tháng trước,1
415,https://qidian-vp.com/truyen/nguyen-thuy-phap-tac/chuong-428,Chương 400: Tiên nguyên ly biệt,2 tháng trước,1
416,https://qidian-vp.com/truyen/nguyen-thuy-phap-tac/chuong-429,Chương 401: Phủ Châu gặp nhau,2 tháng trước,1
417,https://qidian-vp.com/truyen/nguyen-thuy-phap-tac/chuong-430,Chương 402: Ma Đồng đối thủ,2 tháng trước,1
418,https://qidian-vp.com/truyen/nguyen-thuy-phap-tac/chuong-431,Chương 403: Sư Đà,2 tháng trước,1
419,https://qidian-vp.com/truyen/nguyen-thuy-phap-tac/chuong-432,Chương 404: Long thủ lạc đà,2 tháng trước,1
420,https://qidian-vp.com/truyen/nguyen-thuy-phap-tac/chuong-433,Chương 405: Lê Lăng trưởng thành,2 tháng trước,1
421,https://qidian-vp.com/truyen/nguyen-thuy-phap-tac/chuong-434,Chương 406: Lục niệm tâm thần chú,2 tháng trước,1
422,https://qidian-vp.com/truyen/nguyen-thuy-phap-tac/chuong-435,Chương 407: Đăng lâm Phượng Các,2 tháng trước,1
423,https://qidian-vp.com/truyen/nguyen-thuy-phap-tac/chuong-436,Chương 408: Cửu tiêu bí tàng,2 tháng trước,1
424,https://qidian-vp.com/truyen/nguyen-thuy-phap-tac/chuong-437,Chương 409: Sụp đổ Cát Tiên Đồng,2 tháng trước,1
425,https://qidian-vp.com/truyen/nguyen-thuy-phap-tac/chuong-438,Chương 410: 《Không minh quyết》,1 tháng trước,1
426,https://qidian-vp.com/truyen/nguyen-thuy-phap-tac/chuong-439,Chương 411: Thông nhi,1 tháng trước,1
427,https://qidian-vp.com/truyen/nguyen-thuy-phap-tac/chuong-440,"Chương 412: Lão sư, ta không có lười biếng",1 tháng trước,1
428,https://qidian-vp.com/truyen/nguyen-thuy-phap-tac/chuong-441,Chương 413: Tám trăm,1 tháng trước,1
429,https://qidian-vp.com/truyen/nguyen-thuy-phap-tac/chuong-442,Chương 414: Oan chủng vị hôn thê,1 tháng trước,1
430,https://qidian-vp.com/truyen/nguyen-thuy-phap-tac/chuong-443,Chương 415: Rượu mừng tiệc tiễn biệt,1 tháng trước,1
431,https://qidian-vp.com/truyen/nguyen-thuy-phap-tac/chuong-444,Chương 416: Tân binh trên chiến trường,1 tháng trước,1
432,https://qidian-vp.com/truyen/nguyen-thuy-phap-tac/chuong-445,Chương 417: Lão binh đối kỵ binh,1 tháng trước,1
433,https://qidian-vp.com/truyen/nguyen-thuy-phap-tac/chuong-446,Chương 418: Toàn thành đều là chiến,1 tháng trước,1
434,https://qidian-vp.com/truyen/nguyen-thuy-phap-tac/chuong-447,Chương 419: Tiếng chuông gió trở lại Lăng Tiêu Sinh Cảnh,1 tháng trước,1
435,https://qidian-vp.com/truyen/nguyen-thuy-phap-tac/chuong-448,Chương 420: Huyết tẩy Lân Đài,1 tháng trước,1
436,https://qidian-vp.com/truyen/nguyen-thuy-phap-tac/chuong-449,Chương 421: Cấm kỵ vẫn lạc,1 tháng trước,1
437,https://qidian-vp.com/truyen/nguyen-thuy-phap-tac/chuong-450,Chương 422: Lấy một địch bốn,1 tháng trước,1
438,https://qidian-vp.com/truyen/nguyen-thuy-phap-tac/chuong-451,Chương 423: Minh Hà bát trảm,1 tháng trước,1
439,https://qidian-vp.com/truyen/nguyen-thuy-phap-tac/chuong-452,Chương 424: Liên sát,1 tháng trước,1
440,https://qidian-vp.com/truyen/nguyen-thuy-phap-tac/chuong-453,Chương 425: Sư đồ,1 tháng trước,1
441,https://qidian-vp.com/truyen/nguyen-thuy-phap-tac/chuong-454,tháng 7 nguyệt phiếu rút thưởng hoạt động!,1 tháng trước,1
442,https://qidian-vp.com/truyen/nguyen-thuy-phap-tac/chuong-455,"Chương 426: Tông thánh học phủ, Thiên địa chi âm",1 tháng trước,1
443,https://qidian-vp.com/truyen/nguyen-thuy-phap-tac/chuong-456,Chương 427: Thành phá,1 tháng trước,1
444,https://qidian-vp.com/truyen/nguyen-thuy-phap-tac/chuong-457,"tháng sáu nguyệt phiếu nửa tháng sau, rút thưởng kết quả!",1 tháng trước,1
445,https://qidian-vp.com/truyen/nguyen-thuy-phap-tac/chuong-458,Chương 428: Nhất kiếm trảm,1 tháng trước,1
446,https://qidian-vp.com/truyen/nguyen-thuy-phap-tac/chuong-459,"Chương 429: Đạo hoa hương, khắp thiên hạ",1 tháng trước,1
447,https://qidian-vp.com/truyen/nguyen-thuy-phap-tac/chuong-460,"Chương 430: Ẩn tổ xuất thế, côn trùng kêu vang thiên hạ",1 tháng trước,1
448,https://qidian-vp.com/truyen/nguyen-thuy-phap-tac/chuong-461,"Chương 431: Bụng tàng thập nhất quốc, Kim thân một trượng sáu",1 tháng trước,1
449,https://qidian-vp.com/truyen/nguyen-thuy-phap-tac/chuong-462,Chương 432: Máu nhuộm Tây cảnh,1 tháng trước,1
450,https://qidian-vp.com/truyen/nguyen-thuy-phap-tac/chuong-463,Chương 433: Một tháng sau,1 tháng trước,1
451,https://qidian-vp.com/truyen/nguyen-thuy-phap-tac/chuong-464,tối nay đổi mới trễ một điểm!,1 tháng trước,1
452,https://qidian-vp.com/truyen/nguyen-thuy-phap-tac/chuong-465,Chương 434: Biên thành khách sạn,1 tháng trước,1
453,https://qidian-vp.com/truyen/nguyen-thuy-phap-tac/chuong-466,Chương 435: Thệ linh thị trường,1 tháng trước,1
454,https://qidian-vp.com/truyen/nguyen-thuy-phap-tac/chuong-467,Chương 436: Đạo Châu,1 tháng trước,1
455,https://qidian-vp.com/truyen/nguyen-thuy-phap-tac/chuong-468,Chương 437: Lục như phần nghiệp tầng thứ ba,1 tháng trước,1
456,https://qidian-vp.com/truyen/nguyen-thuy-phap-tac/chuong-469,Chương 438: Cửu Lê Tộc lớn nhất phản đồ - Quyển mới: Đông hải tầm tiên,1 tháng trước,1
457,https://qidian-vp.com/truyen/nguyen-thuy-phap-tac/chuong-470,Chương 439: Hư không khắc ấn,1 tháng trước,1
458,https://qidian-vp.com/truyen/nguyen-thuy-phap-tac/chuong-471,đổi mới trì hoãn!,1 tháng trước,1
459,https://qidian-vp.com/truyen/nguyen-thuy-phap-tac/chuong-472,Chương 440: Xâm nhập U cảnh,1 tháng trước,1
460,https://qidian-vp.com/truyen/nguyen-thuy-phap-tac/chuong-473,Chương 441: Bạch sa mạc,1 tháng trước,1
461,https://qidian-vp.com/truyen/nguyen-thuy-phap-tac/chuong-474,đổi mới trì hoãn!,1 tháng trước,1
462,https://qidian-vp.com/truyen/nguyen-thuy-phap-tac/chuong-475,Chương 442: Tập sát trên biển,1 tháng trước,1
463,https://qidian-vp.com/truyen/nguyen-thuy-phap-tac/chuong-476,Chương 443: Cướp bóc,1 tháng trước,1
464,https://qidian-vp.com/truyen/nguyen-thuy-phap-tac/chuong-477,Chương 444: A Ly,1 tháng trước,1
465,https://qidian-vp.com/truyen/nguyen-thuy-phap-tac/chuong-478,Chương 445: Phá cảnh đệ lục trọng thiên,1 tháng trước,1
466,https://qidian-vp.com/truyen/nguyen-thuy-phap-tac/chuong-479,Chương 446: Tiên đạo long mạch,1 tháng trước,1
467,https://qidian-vp.com/truyen/nguyen-thuy-phap-tac/chuong-480,"Chương 447: Châu thành bên ngoài, Đạo hoa hương",1 tháng trước,1
468,https://qidian-vp.com/truyen/nguyen-thuy-phap-tac/chuong-481,Chương 448: Đạo cung chân truyền,1 tháng trước,1
469,https://qidian-vp.com/truyen/nguyen-thuy-phap-tac/chuong-482,Chương 449: Đăng Phượng công chúa,1 tháng trước,1
470,https://qidian-vp.com/truyen/nguyen-thuy-phap-tac/chuong-483,Chương 450: Quyết chiến tại hôm nay,1 tháng trước,1
471,https://qidian-vp.com/truyen/nguyen-thuy-phap-tac/chuong-484,Chương 451: Phượng huyết thụ,1 tháng trước,1
472,https://qidian-vp.com/truyen/nguyen-thuy-phap-tac/chuong-485,Chương 452: Địa thư,1 tháng trước,0
473,https://qidian-vp.com/truyen/nguyen-thuy-phap-tac/chuong-486,Chương 452: Công chúa điện hạ,1 tháng trước,0
474,https://qidian-vp.com/truyen/nguyen-thuy-phap-tac/chuong-487,Chương 453: Thất Tinh Linh niệm sư,1 tháng trước,0
475,https://qidian-vp.com/truyen/nguyen-thuy-phap-tac/chuong-488,Chương 454: U cảnh hừng đông,1 tháng trước,0
476,https://qidian-vp.com/truyen/nguyen-thuy-phap-tac/chuong-489,Chương 455: Trong biển cự thú,1 tháng trước,0
477,https://qidian-vp.com/truyen/nguyen-thuy-phap-tac/chuong-490,Chương 456: Nghiêu Âm trở về,1 tháng trước,0
478,https://qidian-vp.com/truyen/nguyen-thuy-phap-tac/chuong-491,Chương 457: Địa kiếm phù chi uy,1 tháng trước,0
479,https://qidian-vp.com/truyen/nguyen-thuy-phap-tac/chuong-492,Chương 458: Đời thứ ba ngồi cùng bàn,1 tháng trước,0
480,https://qidian-vp.com/truyen/nguyen-thuy-phap-tac/chuong-493,Chương 459: Cổ tiên long hài,1 tháng trước,0
481,https://qidian-vp.com/truyen/nguyen-thuy-phap-tac/chuong-494,Chương 460: Ta đi đem nàng tiếp trở về,1 tháng trước,0
482,https://qidian-vp.com/truyen/nguyen-thuy-phap-tac/chuong-495,tháng 7 nguyệt phiếu rút thưởng kết quả!,1 tháng trước,0
483,https://qidian-vp.com/truyen/nguyen-thuy-phap-tac/chuong-496,đổi mới trì hoãn!,1 tháng trước,0
484,https://qidian-vp.com/truyen/nguyen-thuy-phap-tac/chuong-497,Chương 461: Nhục thân mạnh,1 tháng trước,0
485,https://qidian-vp.com/truyen/nguyen-thuy-phap-tac/chuong-498,Chương 462: Đường đình Thần ẩn nhân,1 tháng trước,0
486,https://qidian-vp.com/truyen/nguyen-thuy-phap-tac/chuong-499,Chương 463: Đường Chiêm cùng Liễu Diệp,1 tháng trước,0
487,https://qidian-vp.com/truyen/nguyen-thuy-phap-tac/chuong-500,Chương 464: Thổi còi báo hiệu Nhân tộc,1 tháng trước,0
488,https://qidian-vp.com/truyen/nguyen-thuy-phap-tac/chuong-501,đổi mới trì hoãn!,1 tháng trước,0
489,https://qidian-vp.com/truyen/nguyen-thuy-phap-tac/chuong-502,"Chương 465: Nuôi quân ngàn năm, dụng binh một ngày",1 tháng trước,0
490,https://qidian-vp.com/truyen/nguyen-thuy-phap-tac/chuong-503,Chương 466: Hải thị,1 tháng trước,0
491,https://qidian-vp.com/truyen/nguyen-thuy-phap-tac/chuong-504,đổi mới trì hoãn!,1 tháng trước,0
492,https://qidian-vp.com/truyen/nguyen-thuy-phap-tac/chuong-505,Chương 467: Tiên thiên đạo linh,1 tháng trước,0
493,https://qidian-vp.com/truyen/nguyen-thuy-phap-tac/chuong-506,Chương 468: Ẩn môn Tam cự đầu,1 tháng trước,0
494,https://qidian-vp.com/truyen/nguyen-thuy-phap-tac/chuong-507,Chương 469: Bát tinh Linh niệm sư,29 ngày trước,0
495,https://qidian-vp.com/truyen/nguyen-thuy-phap-tac/chuong-508,Chương 470: Lý Duy Nhất cùng Nghiêu Âm gặp chuyện,29 ngày trước,0
496,https://qidian-vp.com/truyen/nguyen-thuy-phap-tac/chuong-509,Chương 471: Bắc Thiếu quân Nam Thần ẩn,28 ngày trước,0
497,https://qidian-vp.com/truyen/nguyen-thuy-phap-tac/chuong-510,"Chương 472: Ức tộc, Thường gia",28 ngày trước,0
498,https://qidian-vp.com/truyen/nguyen-thuy-phap-tac/chuong-511,Chương 473: Mười châu giao dịch,27 ngày trước,0
499,https://qidian-vp.com/truyen/nguyen-thuy-phap-tac/chuong-512,Chương 474: Lý Duy Nhất cùng Liễu Phượng Thụ xuất thủ,27 ngày trước,0
500,https://qidian-vp.com/truyen/nguyen-thuy-phap-tac/chuong-513,Chương 475: Một trận sinh tử,26 ngày trước,0
501,https://qidian-vp.com/truyen/nguyen-thuy-phap-tac/chuong-514,Chương 476: Trảm dã tâm,26 ngày trước,0
502,https://qidian-vp.com/truyen/nguyen-thuy-phap-tac/chuong-515,đổi mới trì hoãn!,25 ngày trước,0
503,https://qidian-vp.com/truyen/nguyen-thuy-phap-tac/chuong-516,Chương 477: Hồng Lăng,25 ngày trước,0
504,https://qidian-vp.com/truyen/nguyen-thuy-phap-tac/chuong-517,"Chương 478: Trên biển lưu huỳnh, lòng đất văn minh",25 ngày trước,0
505,https://qidian-vp.com/truyen/nguyen-thuy-phap-tac/chuong-518,Chương 479: Vạn tự ấn ký,24 ngày trước,0
506,https://qidian-vp.com/truyen/nguyen-thuy-phap-tac/chuong-519,Chương 480: Cù Như,24 ngày trước,0
507,https://qidian-vp.com/truyen/nguyen-thuy-phap-tac/chuong-520,Chương 481: Tương hỗ dẫn dụ,23 ngày trước,0
508,https://qidian-vp.com/truyen/nguyen-thuy-phap-tac/chuong-521,Chương 482: Phong phủ Đạo quả cùng Tầm tiên châu,23 ngày trước,0
509,https://qidian-vp.com/truyen/nguyen-thuy-phap-tac/chuong-522,Chương 483: Phong thủy luân chuyển,22 ngày trước,0
510,https://qidian-vp.com/truyen/nguyen-thuy-phap-tac/chuong-523,Chương 484: Đại di tỷ Tử y nữ,22 ngày trước,0
511,https://qidian-vp.com/truyen/nguyen-thuy-phap-tac/chuong-524,đổi mới trì hoãn!,21 ngày trước,0
512,https://qidian-vp.com/truyen/nguyen-thuy-phap-tac/chuong-525,Chương 485: Nho đạo lão tổ tông Tả Khâu Nhiễm,21 ngày trước,0
513,https://qidian-vp.com/truyen/nguyen-thuy-phap-tac/chuong-526,Chương 486: Ngọc nhi gây họa,21 ngày trước,0
514,https://qidian-vp.com/truyen/nguyen-thuy-phap-tac/chuong-527,tháng 8 nguyệt phiếu rút thưởng hoạt động!,21 ngày trước,0
515,https://qidian-vp.com/truyen/nguyen-thuy-phap-tac/chuong-528,đổi mới trì hoãn!,20 ngày trước,0
516,https://qidian-vp.com/truyen/nguyen-thuy-phap-tac/chuong-529,Chương 487: Phong hỏa lôi điện bốn thiên,20 ngày trước,0
517,https://qidian-vp.com/truyen/nguyen-thuy-phap-tac/chuong-530,Chương 488: Người ám sát,20 ngày trước,0
518,https://qidian-vp.com/truyen/nguyen-thuy-phap-tac/chuong-531,Chương 489: Thế hệ tuổi trẻ đỉnh phong nhất quyết đấu,19 ngày trước,0
519,https://qidian-vp.com/truyen/nguyen-thuy-phap-tac/chuong-532,Chương 490: Kinh biến,19 ngày trước,0
520,https://qidian-vp.com/truyen/nguyen-thuy-phap-tac/chuong-533,đổi mới trì hoãn...,18 ngày trước,0
521,https://qidian-vp.com/truyen/nguyen-thuy-phap-tac/chuong-534,Chương 491: Gặp lại Quan sư phụ,18 ngày trước,0
522,https://qidian-vp.com/truyen/nguyen-thuy-phap-tac/chuong-535,Chương 492: Biển sâu ba vạn dặm,18 ngày trước,0
523,https://qidian-vp.com/truyen/nguyen-thuy-phap-tac/chuong-536,đổi mới trì hoãn...,17 ngày trước,0
524,https://qidian-vp.com/truyen/nguyen-thuy-phap-tac/chuong-537,Chương 493: Tông thánh học phủ tứ đại cao thủ,17 ngày trước,0
525,https://qidian-vp.com/truyen/nguyen-thuy-phap-tac/chuong-538,Chương 494: Trảm thủ tịch,17 ngày trước,0
526,https://qidian-vp.com/truyen/nguyen-thuy-phap-tac/chuong-539,Chương 495: Trường sinh hoa xuất thế,16 ngày trước,0
527,https://qidian-vp.com/truyen/nguyen-thuy-phap-tac/chuong-540,Chương 496: Nghênh chiến Sinh Vô Luyến,16 ngày trước,0
528,https://qidian-vp.com/truyen/nguyen-thuy-phap-tac/chuong-541,Chương 497: Đả yêu tiên,15 ngày trước,0
529,https://qidian-vp.com/truyen/nguyen-thuy-phap-tac/chuong-542,Chương 498: Thiên kiếm phù,15 ngày trước,0
530,https://qidian-vp.com/truyen/nguyen-thuy-phap-tac/chuong-543,"Chương 499: Kim cốt chín thành chín, Nhị phượng lại lập công",14 ngày trước,0
531,https://qidian-vp.com/truyen/nguyen-thuy-phap-tac/chuong-544,"Chương 500: Hải vực vỡ ra, long hài xuất hiện",14 ngày trước,0
532,https://qidian-vp.com/truyen/nguyen-thuy-phap-tac/chuong-545,đổi mới trì hoãn!,13 ngày trước,0
533,https://qidian-vp.com/truyen/nguyen-thuy-phap-tac/chuong-546,Chương 501: Không tiếp tục ẩn giấu,13 ngày trước,0
534,https://qidian-vp.com/truyen/nguyen-thuy-phap-tac/chuong-547,"Chương 502: Phá cảnh, chưởng ép chân truyền",13 ngày trước,0
535,https://qidian-vp.com/truyen/nguyen-thuy-phap-tac/chuong-548,Chương 503: Sinh mệnh Bắc hải đồ,12 ngày trước,0
536,https://qidian-vp.com/truyen/nguyen-thuy-phap-tac/chuong-549,Chương 504: Long hài,12 ngày trước,0
537,https://qidian-vp.com/truyen/nguyen-thuy-phap-tac/chuong-550,Chương 505: Quỷ Vương Thi vương,11 ngày trước,0
538,https://qidian-vp.com/truyen/nguyen-thuy-phap-tac/chuong-551,Chương 506: Tiến vào lòng đất,11 ngày trước,0
539,https://qidian-vp.com/truyen/nguyen-thuy-phap-tac/chuong-552,Chương 507: Át chủ bài ra hết,10 ngày trước,0
540,https://qidian-vp.com/truyen/nguyen-thuy-phap-tac/chuong-553,Chương 508: Ngọc nhi lực lượng,10 ngày trước,0
541,https://qidian-vp.com/truyen/nguyen-thuy-phap-tac/chuong-554,Chương 509: Thanh vân giới cảnh,9 ngày trước,0
542,https://qidian-vp.com/truyen/nguyen-thuy-phap-tac/chuong-555,Chương 510: Đường Vãn Châu cùng Long Môn Đại trường sinh,9 ngày trước,0
543,https://qidian-vp.com/truyen/nguyen-thuy-phap-tac/chuong-556,Chương 511: Thiên lý phong sa kình,8 ngày trước,0
544,https://qidian-vp.com/truyen/nguyen-thuy-phap-tac/chuong-557,Chương 512: Vũ Gia thâm uyên,8 ngày trước,0
545,https://qidian-vp.com/truyen/nguyen-thuy-phap-tac/chuong-558,đổi mới trì hoãn!,7 ngày trước,0
546,https://qidian-vp.com/truyen/nguyen-thuy-phap-tac/chuong-559,Chương 513: Sinh Vô Luyến khiêu chiến,7 ngày trước,0
547,https://qidian-vp.com/truyen/nguyen-thuy-phap-tac/chuong-560,Chương 514: Tặng đạo,7 ngày trước,0
548,https://qidian-vp.com/truyen/nguyen-thuy-phap-tac/chuong-561,đổi mới trì hoãn!,6 ngày trước,0
549,https://qidian-vp.com/truyen/nguyen-thuy-phap-tac/chuong-562,Chương 515: Châm ngòi ly gián,6 ngày trước,0
550,https://qidian-vp.com/truyen/nguyen-thuy-phap-tac/chuong-563,Chương 516: Siêu Nhiên đánh xuống,6 ngày trước,0
551,https://qidian-vp.com/truyen/nguyen-thuy-phap-tac/chuong-564,Chương 517: Long thành phế tích,5 ngày trước,0
552,https://qidian-vp.com/truyen/nguyen-thuy-phap-tac/chuong-565,Chương 518: Chân truyền mạt lộ,5 ngày trước,0
553,https://qidian-vp.com/truyen/nguyen-thuy-phap-tac/chuong-566,Chương 519: Diêu Khiêm vu oan,4 ngày trước,0
554,https://qidian-vp.com/truyen/nguyen-thuy-phap-tac/chuong-567,Chương 520: Phượng thụ cùng Kỳ Lân Trang,4 ngày trước,0
555,https://qidian-vp.com/truyen/nguyen-thuy-phap-tac/chuong-568,Chương 521: Khôi thủ,3 ngày trước,0
556,https://qidian-vp.com/truyen/nguyen-thuy-phap-tac/chuong-569,Chương 522: Chưởng ấn cùng kiếm pháp,3 ngày trước,0
557,https://qidian-vp.com/truyen/nguyen-thuy-phap-tac/chuong-570,Chương 523: Là Đại cung chủ,2 ngày trước,0
558,https://qidian-vp.com/truyen/nguyen-thuy-phap-tac/chuong-571,"Chương 524: Đông hải dị biến, U cảnh chỗ sâu",2 ngày trước,0
559,https://qidian-vp.com/truyen/nguyen-thuy-phap-tac/chuong-572,tháng 8 nguyệt phiếu rút thưởng kết quả!,2 ngày trước,0
560,https://qidian-vp.com/truyen/nguyen-thuy-phap-tac/chuong-573,Chương 525: Tu vi tiến nhanh,1 ngày trước,0
561,https://qidian-vp.com/truyen/nguyen-thuy-phap-tac/chuong-574,Chương 526: U cảnh thương đội,1 ngày trước,0
562,https://qidian-vp.com/truyen/nguyen-thuy-phap-tac/chuong-575,Chương 527: Ngoại giới tin tức,13 giờ trước,0
563,https://qidian-vp.com/truyen/nguyen-thuy-phap-tac/chuong-576,Chương 528: Thái âm giáo,13 giờ trước,0
564,https://qidian-vp.com/truyen/nguyen-thuy-phap-tac/chuong-577,Chương 529: Chiến thi,16 giờ trước,0
565,https://qidian-vp.com/truyen/nguyen-thuy-phap-tac/chuong-578,Chương 530: Một viên tiếu địch,16 giờ trước,0
566,https://qidian-vp.com/truyen/nguyen-thuy-phap-tac/chuong-579,đổi mới trì hoãn!,13 giờ trước,0
567,https://qidian-vp.com/truyen/nguyen-thuy-phap-tac/chuong-580,Chương 531: Thánh linh đan,11 giờ trước,0
568,https://qidian-vp.com/truyen/nguyen-thuy-phap-tac/chuong-581,Chương 532: Địa Lang Vương Quân tứ đại Pháp Vương,11 giờ trước,0
